"CAR_Variant","n_cells"
"TIM1-CD79B",2211
"CD30-CD79B",319
"4-1BB-CD79A",227
"HVEM-CD79B",195
"CD4-K1",186
"CD223-FCER1G",181
"4-1BB-FCER1G",173
"TIM1-FCER1G",167
"CD4-FCGR2A",140
"CD223-CD79B",127
"TIM1-CD3G",124
"CD357-CD79B",110
